text,line,pronunciation,english,bangla,note
"Ayatul Kursi (2:255)",1,"Allahu la ilaha illa Huwa, Al-Hayyul-Qayyum.","Allah! There is no deity except Him, the Ever-Living, the Sustainer of all existence.","আল্লাহ্‌, তিনি ছাড়া কোনো সত্য ইলাহ নেই। তিনি চিরঞ্জীব, সর্বসত্তার ধারক।","One ayah: lines follow the pronunciation. English regrouped from 9 lines to 6; Bangla split. No words changed."
"Ayatul Kursi (2:255)",2,"La ta'khudhuhu sinatun wa la nawm.","Neither drowsiness overtakes Him nor sleep.","তাঁকে তন্দ্রাও স্পর্শ করতে পারে না, নিদ্রাও নয়।",""
"Ayatul Kursi (2:255)",3,"Lahu ma fis-samawati wa ma fil-ard.","To Him belongs whatever is in the heavens and whatever is on the earth.","আসমানসমূহে যা রয়েছে ও যমীনে যা রয়েছে সবই তাঁর।",""
"Ayatul Kursi (2:255)",4,"Man dhalladhi yashfa'u 'indahu illa bi-idhnih.","Who is it that can intercede with Him except by His permission?","কে সে, যে তাঁর অনুমতি ব্যতীত তাঁর কাছে সুপারিশ করবে?",""
"Ayatul Kursi (2:255)",5,"Ya'lamu ma bayna aydihim wa ma khalfahum, wa la yuhituna bi shay'im-min 'ilmihi illa bima sha'.","He knows what is before them and what will be after them, and they encompass not a thing of His knowledge except for what He wills.","তাদের সামনে ও পেছনে যা কিছু আছে তা তিনি জানেন। আর যা তিনি ইচ্ছে করেন তা ছাড়া তাঁর জ্ঞানের কোনো কিছুকেই তারা পরিবেষ্টন করতে পারে না।",""
"Ayatul Kursi (2:255)",6,"Wasi'a kursiyyuhus-samawati wal-ard, wa la ya'uduhu hifzuhuma, wa Huwal-'Aliyyul-'Azim.","His Kursi extends over the heavens and the earth, and their preservation tires Him not. And He is the Most High, the Most Great.","তাঁর ‘কুরসী’ আসমানসমূহ ও যমীনকে পরিব্যাপ্ত করে আছে; আর এ দুটোর রক্ষণাবেক্ষণ তাঁর জন্য বোঝা হয় না। আর তিনি সুউচ্চ সুমহান।",""
"Al-Ikhlas (112)",1,"Qul Huwa Allahu Ahad.","Say, 'He is Allah, [who is] One.","বলুন, তিনি আল্লাহ, একক।","Bangla split by ayah. No words changed."
"Al-Ikhlas (112)",2,"Allahus-Samad.","Allah, the Eternal Refuge.","আল্লাহ অমুখাপেক্ষী।",""
"Al-Ikhlas (112)",3,"Lam yalid wa lam yulad.","He neither begets nor is born.","তিনি জন্ম দেননি এবং জন্মগ্রহণও করেননি।",""
"Al-Ikhlas (112)",4,"Wa lam yakul-lahu kufuwan ahad.","Nor is there to Him any equivalent.'","আর তাঁর সমতুল্য কেউ নেই।",""
"Al-Falaq (113)",1,"Qul a'udhu bi rabbil-falaq.","Say, 'I seek refuge in the Lord of daybreak","বলুন, ‘আমি আশ্রয় প্রার্থনা করছি ঊষার রবের","English completed from Sahih International (was cut short). Bangla split by ayah."
"Al-Falaq (113)",2,"Min sharri ma khalaq.","From the evil of that which He created,","তিনি যা সৃষ্টি করেছেন তার অনিষ্ট হতে,",""
"Al-Falaq (113)",3,"Wa min sharri ghasiqin idha waqab.","And from the evil of darkness when it settles,","আর অনিষ্ট হতে রাতের অন্ধকারের, যখন তা গভীর হয়",""
"Al-Falaq (113)",4,"Wa min sharrin-naffathati fil-'uqad.","And from the evil of the blowers in knots,","আর অনিষ্ট হতে সমস্ত নারীদের, যারা গিরায় ফুঁক দেয়,",""
"Al-Falaq (113)",5,"Wa min sharri hasidin idha hasad.","And from the evil of an envier when he envies.'","আর অনিষ্ট হতে হিংসুকের, যখন সে হিংসা করে।’",""
"An-Nas (114)",1,"Qul a'udhu bi rabbin-nas.","Say, 'I seek refuge in the Lord of mankind,","বলুন, ‘আমি আশ্ৰয় প্রার্থনা করছি মানুষের রবের,","English completed from Sahih International (was cut short). Bangla split by ayah."
"An-Nas (114)",2,"Malikin-nas.","The Sovereign of mankind,","মানুষের অধিপতির,",""
"An-Nas (114)",3,"Ilahin-nas.","The God of mankind,","মানুষের ইলাহের কাছে",""
"An-Nas (114)",4,"Min sharril-waswasil-khannas.","From the evil of the retreating whisperer,","আত্মগোপনকারী কুমন্ত্রণাদাতার অনিষ্ট হতে,",""
"An-Nas (114)",5,"Alladhi yuwaswisu fi sudurin-nas.","Who whispers [evil] into the breasts of mankind,","যে কুমন্ত্রণা দেয় মানুষের অন্তরে,",""
"An-Nas (114)",6,"Minal-jinnati wan-nas.","From among the jinn and mankind.'","জিনের মধ্য থেকে এবং মানুষের মধ্য থেকে।’",""
"db_008 (20:25-28)",1,"Rabbi ishrah li sadri,","My Lord, expand for me my chest,","হে আমার রব, আমার বক্ষ প্রশস্ত করুন,","Pronunciation and both translations split by ayah. No words changed."
"db_008 (20:25-28)",2,"wa yassir li amri,","ease for me my task,","আমার কাজ সহজ করুন,",""
"db_008 (20:25-28)",3,"wahlul 'uqdatan min lisani,","and untie the knot from my tongue","আর আমার জিহ্বার জড়তা দূর করুন",""
"db_008 (20:25-28)",4,"yafqahu qawli","so that they may understand my speech.","যাতে তারা আমার কথা বুঝতে পারে।",""
"db_027 (2:285-286)",1,"Amanar-rasulu bima unzila ilayhi mir-Rabbihi wal-mu'minun. Kullun amana billahi wa mala'ikatihi wa kutubihi wa rusulih. La nufarriqu bayna ahadim-mir-rusulih. Wa qalu sami'na wa ata'na, ghufranaka Rabbana wa ilaykal-masir.","The Messenger has believed in what was revealed to him from his Lord, and [so have] the believers. All of them have believed in Allah and His angels and His books and His messengers, [saying], ""We make no distinction between any of His messengers."" And they say, ""We hear and we obey. [We seek] Your forgiveness, our Lord, and to You is the [final] destination.""","রাসূল তার প্রভুর পক্ষ থেকে যা তার কাছে নাযিল করা হয়েছে তার উপর ঈমান এনেছেন এবং মুমিনগণও। প্রত্যেকেই ঈমান এনেছে আল্লাহ্‌র উপর, তাঁর ফেরেশতাগণ, তাঁর কিতাবসমূহ এবং তাঁর রাসূলগণের উপর। আমরা তাঁর রাসূলগণের কারও মধ্যে তারতম্য করি না। আর তারা বলে: আমরা শুনেছি ও মেনে নিয়েছি। হে আমাদের রব! আপনার ক্ষমা প্রার্থনা করি এবং আপনার দিকেই প্রত্তাবর্তনস্থল।","English completed from Sahih International (was cut short). Bangla split by ayah."
"db_027 (2:285-286)",2,"La yukallifullahu nafsan illa wus'aha. Laha ma kasabat wa 'alayha maktasabat. Rabbana la tu'akhidhna in nasina aw akhta'na. Rabbana wa la tahmil 'alayna isran kama hamaltahu 'alalladhina min qablina. Rabbana wa la tuhammilna ma la taqata lana bih. Wa'fu 'anna, waghfir lana, warhamna. Anta mawlana fansurna 'alal-qawmil-kafirin.","Allah does not charge a soul except [with that within] its capacity. It will have [the consequence of] what [good] it has gained, and it will bear [the consequence of] what [evil] it has earned. ""Our Lord, do not impose blame upon us if we have forgotten or erred. Our Lord, and lay not upon us a burden like that which You laid upon those before us. Our Lord, and burden us not with that which we have no ability to bear. And pardon us; and forgive us; and have mercy upon us. You are our protector, so give us victory over the disbelieving people.""","আল্লাহ্‌ কারও উপর এমন কোনো দায়িত্ব চাপিয়ে দেন না যা তার সাধ্যাতীত। সে ভাল যা উপার্জন করে তার প্রতিফল তারই, আর মন্দ যা কামাই করে তার প্রতিফল তার উপরই বর্তায়। ‘হে আমাদের রব! যদি আমরা বিস্মৃত হই অথবা ভুল করি তবে আপনি আমাদেরকে পাকড়াও করবেন না। হে আমাদের রব! আমাদের পূর্ববর্তীগণের উপর যেমন বোঝা চাপিয়ে দিয়েছিলেন আমাদের উপর তেমন বোঝা চাপিয়ে দিবেন না। হে আমাদের রব! আপনি আমাদেরকে এমন কিছু বহন করাবেন না যার সামর্থ আমাদের নেই। আর আপনি আমাদের পাপ মোচন করুন, আমাদেরকে ক্ষমা করুন, আমাদের প্রতি দয়া করুন, আপনি আমাদের অভিভাবক। অতএব, কাফির সম্প্রদায়ের বিরুদ্ধে আমাদেরকে সাহায্য করুন।’",""
"db_030 (Bukhari 6313)",1,"Allahumma aslamtu nafsi ilayk, wa fawwadtu amri ilayk, wa wajjahtu wajhi ilayk, wa alja'tu zahri ilayk, raghbatan wa rahbatan ilayk.","O Allah, I submit myself to You, entrust my affairs to You, turn my face to You, and rely upon You in hope and fear.","হে আল্লাহ, আমি নিজেকে আপনার কাছে সমর্পণ করলাম, আমার সব বিষয় আপনার কাছে সোপর্দ করলাম, আমার মুখমণ্ডল আপনার দিকে ফিরালাম, আর আশা ও ভয়ের সাথে আপনার উপর নির্ভর করলাম।","A hadith: Bangla split to the pronunciation's 3 lines. No words changed."
"db_030 (Bukhari 6313)",2,"La malja'a wa la manja minka illa ilayk.","There is no refuge or escape from You except to You.","আপনার কাছ থেকে আশ্রয় বা মুক্তি আপনার কাছেই ছাড়া নেই।",""
"db_030 (Bukhari 6313)",3,"Amantu bikitabikal-ladhi anzalt, wa binabiyyikal-ladhi arsalt.","I believe in Your Book which You revealed and Your Prophet whom You sent.","আমি আপনার অবতীর্ণ কিতাবে এবং প্রেরিত নবীতে ঈমান আনলাম।",""
"db_043 (23:97-98)",1,"Rabbi a'udhu bika min hamazatish-shayatin,","My Lord, I seek refuge in You from the incitements of the devils,","হে আমার রব, আমি আপনার কাছে আশ্রয় চাই শয়তানদের কুমন্ত্রণা থেকে;","Pronunciation and both translations split by ayah. No words changed."
"db_043 (23:97-98)",2,"wa a'udhu bika Rabbi ay-yahdurun","and I seek refuge in You, my Lord, lest they be present with me.","আর আমি আপনার কাছেই আশ্রয় চাই, হে আমার রব, যাতে তারা আমার কাছে উপস্থিত না হয়।",""
"db_061 (60:4; 10:85-86)",1,"Rabbana 'alayka tawakkalna wa ilayka anabna wa ilaykal-masir.","Our Lord, upon You we rely, to You we turn, and to You is the final return.","হে আমাদের রব, আমরা আপনার উপরই ভরসা করেছি, আপনার দিকেই ফিরে এসেছি, এবং আপনার কাছেই চূড়ান্ত প্রত্যাবর্তন।","Split to the pronunciation's 3 lines. Citation corrected to 60:4; 10:85-86."
"db_061 (60:4; 10:85-86)",2,"Rabbana la taj'alna fitnatan lil-qawmiz-zalimin.","Our Lord, do not make us a trial for the wrongdoing people,","হে আমাদের রব, জালিমদের জন্য আমাদের পরীক্ষা বানাবেন না,",""
"db_061 (60:4; 10:85-86)",3,"Wa najjina birahmatika minal-qawmil-kafirin","and save us by Your mercy from the disbelieving people.","এবং আপনার রহমতে আমাদেরকে কাফিরদের হাত থেকে রক্ষা করুন।",""
